provider_id,first_name,last_name,specialty,npi,hospital,years_experience,board_certified,accepting_patients,phone,email,state
PRV0420, Michele,Haney,Pulmonology,1161620281,Metro University Hospital,8,Y,True,(937)410-6728,sross@example.org,NE
PRV0096,Tammy,Edwards,Rheumatology,6969155792,Lakeside Community Hospital,31,Y,False,+1-849-891-2513x41252,baileyhenderson@example.com,SC
PRV0359,Ryan,Morales,Dermatology,1559737147,Valley Medical Center,35,True,True,8822723590,kristine73@example.org,il
PRV0418,Timothy,Velez,Hematology,8836076581,Metro University Hospital,25,Y,False,739.406.3757x914,not provided,OR
PRV0358,Tiffany,Brown,FM,3802146296,Valley Medical Center,32,TRUE,False,936-371-5778,whitedaniel@example.com,WI
PRV0344,Amanda,irwin,Gastroenterology,9164983735,Greenfield Memorial,22,Y,True,939-462-7365x271,llopez@example.org,OK
PRV0274,Evelyn,Acevedo,Radiology,72081155,Valley Medical Center,17,Y,True,(706)202-9084x66845,rachel92@example.net,MO
PRV0351,Mary,Harrell,Radiology,252131096,Lakeside Community Hospital,24,True,Yes,(927)228-4765,daniel00@example.net,WV
PRV0307,John,Davis,Cardio,6005313122,Metro University Hospital,16,True,True,5688155839,nmartinez@example.org,MI
PRV0243,Tristan,Cruz,Gastroenterology,7947386463,Metro University Hospital,20,True,False,375-320-7167,ralphneal@example.org,WA
PRV0245, Jerry,Dunlap,Cardiology,101702695,Valley Medical Center,29,True,True,(549)691-1877,qhenry@example.net,MA
PRV0293,James ,Jones,Neurology,3779599594,Pacific Coast Medical Center,23,False,True,(552)917-0730x33793,lindsay63@example.com,HI
PRV0052,Justin,Cummings ,Endocrinology,9251925462,Greenfield Memorial,16,True,True,+1-214-786-5281x685,N/A,ID
PRV0171,Abigail,Cole,Oncology,2202341326,St. Mary's Medical Center,19,True,False,311-378-0068,christine16@example.com,IN
PRV0273,Cory,Holland,Family Medicine,5213760375,Metro University Hospital,5,True,True,482-814-5653x2863,dhardin@example.net,WY
PRV0376,Taylor,Cruz,Dermatology,7153988547,St. Mary's Medical Center,9,TRUE,True,+1-528-312-3567x9836,rodney49@example.net,CT
PRV0076,Jacqueline,Durham,Psychiatry,,St. Mary's Medical Center,8,False,True,001-410-788-3982,nwilson@example.net,OR
PRV0141,Katrina,Greene,Cardiology,5711305548,Greenfield Memorial,4,True,False,851.502.7261x49331,msummers@example.net,MA
PRV0480,TIFFANY,Austin,Radiology,8623392207,Lakeside Community Hospital,9,True,Y,001-415-311-6966x6725,michael64@example.com,CO
PRV0387,Jennifer,Miles,Neurology,8287232440,St. Mary's Medical Center,34,True,TRUE,393.911.0291x8133,wallscott@example.org,DE
PRV0497,Dennis,Evans,Family Medicine,6213541597,Greenfield Memorial,26,False,True,6992625438,kflores@example.org,SD
PRV0287,Trevor,Padilla,Dermatology,93036149,Summit Health System,24,True,True,(483)399-9219,jordanhudson@example.org,FM
PRV0091,Derek,Smith,Radiology,65965756,Pacific Coast Medical Center,26,Yes,True,759-837-5265x4793,lisa65@example.org,OK
PRV0486,Nathan,Lyons,Pulmonology,3172351373,Valley Medical Center,21,TRUE,True,001-590-706-3140,valerieserrano@example.com,PW
PRV0396,Michelle,Fleming,Dermatology,870662668,Lakeside Community Hospital,33,True,1,(817)219-5535,jessechapman@example.org,MT
PRV0289,ashley,Johnson,Hematology,3613325411,Lakeside Community Hospital,13,Y,True,9765095431,marissa58@example.org,California
PRV0057,michael,Duncan,Oncology,2185188888,Lakeside Community Hospital,23,0,False,3677065405,jessicafuller@example.net,WA
PRV0343,John,Williams,Cardio,2424033810,Oakwood Hospital,11,True,1,+1-259-255-1842x6945,jeffrey42@example.com,AK
PRV0429,Jennifer,Wright,Psychiatry,3240642429,Greenfield Memorial,21,TRUE,False,763-734-3244x74175,rgallegos@example.org,AZ
PRV0132,Melissa,Taylor,Psychiatry,3569725217,Metro University Hospital,30,Yes,True,825-800-7432x92712,epatterson@example.com,AL
PRV0366,Barbara,Myers,Psychiatry,4825311060,Pacific Coast Medical Center,34,True,True,+1-492-509-8196x0275,kennethnichols@example.org,VA
PRV0328,Aaron,Turner,Radiology,8487297585,Oakwood Hospital,8,True,True,+1-488-531-0303x243,joshua96@example.org,OH
PRV0383,Steven,Hernandez,Radiology,4982474140,Metro University Hospital,10,True,1,203.249.1074x065,devin48@example.net,WI
PRV0196,Courtney,Wilson,Ortho,2309407778,Pacific Coast Medical Center,3,1,N,,sanchezamy@example.net,SC
PRV0225,Jeremy,Young,Dermatology,6363179706,Northside Regional Medical,28,TRUE,True,(539)772-6527,james20@example.net,OK
PRV0489,Carlos,Graham,Radiology,5727908335,Metro University Hospital,8,False,True,---,sjames@example.net,CA
PRV0041,Brent,Cook,Endocrinology,2931839335,St. Mary's Medical Center,26,1,False,001-729-504-2284x21020,alfred40@example.org,WA
PRV0125,Katherine,Ayers,Psychiatry,1914856467,St. Mary's Medical Center,32,0,True,001-897-202-4629,vpreston@example.net,IA
PRV0135,David,King,Obstetrics,2304618499X,Greenfield Memorial,19,False,0,001-526-618-9141x173,,AZ
PRV0352,Glenn ,Martin,Neurology,6678498436,Pacific Coast Medical Center,8,Y,True,(241)586-2369,vwhite@example.net,PA
PRV0124,James,WILLIAMS,Rheumatology,1632945116,Summit Health System,30,Y,True,+1-868-354-8709,khernandez@example.net,OR
PRV0286,Nancy,Curtis,Neurology,80715695,Oakwood Hospital,16,True,False,---,tinacoffey@example.org,KY
PRV0072,James,Ryan,Endocrinology,8421993308,Northside Regional Medical,3,False,Y,230.416.5712,edelgado@example.com,SD
PRV0485,Paul,Jimenez ,Psychiatry,4080314998,Pacific Coast Medical Center,22,True,False,(750)280-0463,hrodgers@example.org,New York
PRV0441,Matthew,Reed,Dermatology,7277382646,Summit Health System,14,True,True,7916785138,karen77@example.org,FL
PRV0164,Laura,Wright,Dermatology,7697357790,Riverside General Hospital,2,False,Y,614.516.3356x5880,christopher51@example.net,HI
PRV0249,Ashley,Morris,Family Medicine,,St. Mary's Medical Center,14,TRUE,Y,856-537-1834x4049,robbinsbelinda@example.net,MA
PRV0283,Karen,Cruz,Radiology,1405786170,Lakeside Community Hospital,11,True,True,(330)548-9138x24967,nathanielgalloway@example.org,ND
PRV0294, Margaret,SMITH,Radiology,150812473,Oakwood Hospital,24,True,FALSE,,andrewcameron@example.org,AK
PRV0051,Marc,Alvarez,Gastroenterology,2071518203,Riverside General Hospital,5,True,1,001-777-288-9255x466,cameron18@example.net,MS
PRV0237,Mary,Kennedy,Endocrinology,4627301471,Metro University Hospital,24,Y,True,+1-259-679-6471x589,bonniethomas@example.com,FM
PRV0163,Christopher,Mitchell,Nephrology,8955439376,Valley Medical Center,9,False,True,001-604-726-8181,prattsue@example.net,GU
PRV0462,Zachary,Martin,Psychiatry,3179556331,Greenfield Memorial,7,False,False,---,hamiltonmelanie@example.com,IN
PRV0464,Sharon,Sanford,Oncology,,Oakwood Hospital,3,True,False,N/A,N/A,CO
PRV0140,Christopher,jimenez,Oncology,51701660,Pacific Coast Medical Center,8,True,True,7197948837,velasquezmegan@example.com,OH
PRV0008,collin,Jordan,Endocrinology,6670106513,Northside Regional Medical,6,True,FALSE,538.372.6247,jmorton@example.org,AR
PRV0336,Monica,Gonzalez,Orthopedics,3402665023X,Northside Regional Medical,31,1,False,341.367.8725x6862,martinezmaurice@example.org,WI
PRV0483,Rachel,Jimenez,Dermatology,9295786718,Greenfield Memorial,13,True,True,253-752-3736,rangelsamantha@example.net,VT
PRV0437,Steven,Williams,CARDIOLOGY,7750954654,Oakwood Hospital,13,True,True,001-308-742-4560x75409,schmidtrandy@example.org,CO
PRV0445,Michelle,Jefferson,Hematology,2753273524,St. Mary's Medical Center,15,TRUE,True,503-497-7397,hporter@example.net,MP
PRV0319,Cynthia,Marks,Rheumatology,5739769156,Metro University Hospital,29,True,False,316.649.3289x8027,cjackson@example.org,NJ
PRV0177,Alexis,Bauer,Psychiatry,9163009792,Riverside General Hospital,29,True,0,(313)427-1950x052,jhall@example.net,WV
PRV0108,Ashley,Richardson,Family Medicine,4191380003,Valley Medical Center,25,True,1,N/A,robertcortez@example.com,GU
PRV0156,Don,Martin,OB/GYN,1843222591,Pacific Coast Medical Center,18,True,True,+1-236-451-7773x92603,dennishunt@example.net,FL
PRV0335,alan,Jordan,Emergency Medicine,3188261702,Pacific Coast Medical Center,9,True,True,001-943-476-5456x28417,michaelhamilton@example.com,FM
PRV0457,Madison,Sawyer,OB/GYN,9493817359,Valley Medical Center,23,True,True,+1-748-984-0215,jackmcdonald@example.com,MN
PRV0421,Wendy,Cortez,OB/GYN,4859592248,Lakeside Community Hospital,15,1,0,+1-939-258-9477x35228,,AL
PRV0320,Elaine,Allen,Emergency Medicine,3211602564,Greenfield Memorial,28,TRUE,N,547.312.8715,nicholas68@example.com,AS
PRV0346,David,Carrillo,Oncology,4290018513,Summit Health System,27,True,True,(579)272-4572,courtney10@example.org,CT
PRV0112,DAVID,Howard,Internal Medicine,,Summit Health System,13,True,True,2356213568,lori20@example.com,PR
PRV0035,Jennifer,Malone,Psychiatry,8091343161,St. Mary's Medical Center,15,True,TRUE,001-517-824-0050x45562,georgemiller@example.com,RI
PRV0142,Daniel,Perry ,Orthopaedics,9177982708,Riverside General Hospital,16,True,False,001-708-869-7829x2216,spetty@example.org,KY
PRV0276,Jonathan,Collier,Emergency Medicine,4681054851,Valley Medical Center,26,True,False,5177490753,justin92@example.net,MS
PRV0332,Lauren,Shaw,Ortho,4683414651,Valley Medical Center,11,True,False,N/A,rjimenez@example.net,FM
PRV0229,Pamela,Rodriguez,Endocrinology,5790552818,Oakwood Hospital,14,True,False,001-732-653-8179x335,eramirez@example.com,MI
PRV0410,Scott,Mcclure,OB/GYN,4491342138,Summit Health System,35,True,True,820.990.8830x70534,mariahphillips@example.org,VT
PRV0029,Kylie,Lawrence,Orthopedics,3618324210,Summit Health System,4,1,True,(849)694-7174,,FM
PRV0044,Gloria,WELLS,Cardiology,1116152809,Pacific Coast Medical Center,7,True,No,+1-685-716-5604,lanejason@example.net,NJ
PRV0248,Oscar,Patterson,Dermatology,5650333491,Oakwood Hospital,20,True,True,001-814-615-2085x076,dominguezbrianna@example.com,MS
PRV0474,Melissa,King,Pulmonology,5534705742,Northside Regional Medical,21,True,True,788.756.5271,---,CO
PRV0433,Randy,Murray,Orthopedics,2324412336,Northside Regional Medical,12,True,True,332-985-0725,,MS
PRV0371,Danny,lamb,Orthopedics,6253135525,St. Mary's Medical Center,31,True,Yes,505-305-3795,ncampbell@example.net,IL
PRV0500,Charles, Sharp,OB/GYN,5912975191,Lakeside Community Hospital,23,False,True,5235121106,lovepaul@example.net,NC
PRV0128,Anthony,watson,Neurology,9727985524,Northside Regional Medical,32,True,True,001-814-206-0293x3334,,PA
PRV0050,Valerie,Morris ,OB/GYN,5271774490,Lakeside Community Hospital,4,False,True,(881)947-7005x411,not provided,ID
PRV0133,Benjamin,Gonzalez,Endocrinology,5058300335,Summit Health System,21,True,True,721-868-9421x0447,matthewvalenzuela@example.com,WV
PRV0434,Marie,Mccarthy,Neurology,1625265469,Valley Medical Center,10,TRUE,False,(781)257-9039x2355,pmelendez@example.org,DC
PRV0219,Susan,Miller,Endocrinology,7432806346,St. Mary's Medical Center,9,1,False,257-517-3203,---,SD
PRV0354,Andrea,Little,Hematology,341990970,Summit Health System,11,True,False,5517405468,iswanson@example.net,tx
PRV0475,Danielle,Edwards,ORTHO,7263475575,Pacific Coast Medical Center,24,True,True,001-422-850-1394x88488,gonzalezchristopher@example.net,PW
PRV0150,Lynn,Johnson,Oncology,2832684245,Lakeside Community Hospital,5,1,N,8883210099,jason53@example.com,MH
PRV0284,Stephanie ,Ali,Gastroenterology,8700794200,Pacific Coast Medical Center,3,TRUE,True,349.646.5398x4028,fosterdavid@example.org,VA
PRV0054,Kristen,Mckee,Psychiatry,,Summit Health System,17,True,True,(339)324-0758,christopher24@example.com,MH
PRV0202, Kristen,Strickland,Oncology,1780782357,Oakwood Hospital,8,True,1,001-384-252-1823x0768,sarah91@example.com,NH
PRV0209,Aaron,Castro,Hematology,5140369656,Greenfield Memorial,10,False,True,(466)683-2723x8656,dennisjones@example.org,FL
PRV0394,Amanda,Allen,Orthopaedics,8984690819,St. Mary's Medical Center,1,1,True,740.205.6435x0238,trevorshaffer@example.net,MH
PRV0197,Angela,Bryan,cardiology,220502099,Valley Medical Center,21,True,True,451-901-6224x9998,sarah14@example.com,MN
PRV0085,Alyssa,Hill,Orthopedics,4086211823,Valley Medical Center,14,True,True,898.945.4615,veronicaperez@example.net,GU
PRV0364,Kelly,Fisher,Psychiatry,3786137157,Oakwood Hospital,24,True,True,(260)253-8444x46306,hernandeznicholas@example.net,GU
PRV0099,Nancy, Johnson,Cardiologist,4517133959,Lakeside Community Hospital,10,True,True,+1-462-792-3309x5849,keith48@example.net,GU
PRV0067,Thomas,Herrera,Pulmonology,1624565060,Northside Regional Medical,9,True,TRUE,001-983-658-4168,andersoncolin@example.com,WY
PRV0318,Elizabeth,Gray,Orthopedics,551076209X,Valley Medical Center,29,TRUE,True,884-535-7978,andersensusan@example.com,AK
PRV0224,megan,Pruitt,OB/GYN,7220054364,Valley Medical Center,30,True,True,597-901-0822x07811,robert53@example.org,MD
PRV0443,Andrea,Bell,Orthopedics,,Valley Medical Center,24,True,True,+1-463-867-7472,aaron57@example.net,HI
PRV0048,Angelica,barnett,Dermatology,,Lakeside Community Hospital,13,TRUE,False,(896)364-1605x29751,ryanmorales@example.org,MO
PRV0377,Dylan,Walter,Dermatology,,Oakwood Hospital,25,True,True,(741)281-5632x686,gnelson@example.org,SD
PRV0481,Jack,Morales,Pulmonology,35157184,Riverside General Hospital,11,True,True,2807512080,not provided,OK
PRV0022,Thomas,Wilson,Cardiology,3745299124,Northside Regional Medical,25,True,True,590-349-6631,melissa91@example.net,WY
PRV0003,Melissa,Delacruz,Cardiology,6475255341,Summit Health System,15,Yes,Yes,+1-528-232-7648x350,richard13@example.net,FM
PRV0190,Matthew,Long,Orthopedics,2168936392,Northside Regional Medical,17,True,TRUE,(449)857-8232x98324,dianacunningham@example.org,MD
PRV0495,Melissa,Edwards,Hematology,,Oakwood Hospital,3,True,TRUE,,annafuller@example.net,KY
PRV0425,Mary,Castro,Internal Medicine,7418652057,Summit Health System,14,True,True,001-556-239-8365x20375,mark54@example.net,PW
PRV0100,Cody,Estes,Nephrology,6042232536,Riverside General Hospital,27,True,Yes,929.946.6711x6845,brandi17@example.net,TN
PRV0053,Jeremy,Taylor,Cardiology,1418880592,Northside Regional Medical,34,True,True,+1-962-622-9270x653,pyoung@example.com,AS
PRV0335,alan,Jordan,Emergency Medicine,3188261702,Pacific Coast Medical Center,9,True,True,001-943-476-5456x28417,michaelhamilton@example.com,FM
PRV0146,SYDNEY,Moss,Gastroenterology,,Oakwood Hospital,5,True,Yes,905-772-0259x094,bowerslouis@example.org,HI
PRV0374,CURTIS,Walker,Endocrinology,215632135,Summit Health System,2,True,True,,knelson@example.org,OR
PRV0235,Rebekah,Ward,Hematology,,St. Mary's Medical Center,19,Y,1,381.437.6742x662,kevinmcneil@example.net,MA
PRV0334,Matthew,Shelton,Pulmonology,8144744309,Summit Health System,32,True,TRUE,not provided,daniel52@example.com,MI
PRV0270,Shane,Graham,Psychiatry,2437573839,Riverside General Hospital,33,Yes,True,+1-359-972-4665x72934,glenmoore@example.com,CT
PRV0430,Stephanie,Richards,ob/gyn,,Summit Health System,27,1,True,+1-241-383-4374,thomasmcdonald@example.com,MN
PRV0152,Todd,Murphy,Radiology,4929955620,Valley Medical Center,33,Y,TRUE,333-464-5257x77547,wilkinsonmichele@example.org,MH
PRV0223,Sharon,Bishop ,Neurology,,Greenfield Memorial,3,True,False,+1-533-918-1958,joshualee@example.org,TX
PRV0470,Lynn,Duran,Oncology,3626693351,Pacific Coast Medical Center,32,True,True,442.661.9237,alex18@example.com,NC
PRV0034,Melissa,Jenkins,Rheumatology,5766270289,Oakwood Hospital,29,1,True,817-318-7026x21745,melissa86@example.com,SC
PRV0117,Christopher,hall,cardiology,3087059325,Greenfield Memorial,16,True,False,001-725-800-2921x851,rogersmarcus@example.org,VA
PRV0263, Chad,Crane,Rheumatology,6164236103,Greenfield Memorial,29,Y,No,(666)442-1476,elizabeth58@example.org,NM
PRV0403,Scott,Stewart,Oncology,8304405809,Metro University Hospital,16,Y,Y,551.518.7181,ashley61@example.net,NE
PRV0251,Sharon,PATEL,Hematology,9690835723,Lakeside Community Hospital,9,Y,False,(646)465-1364,N/A,DE
PRV0187,Dustin,Williams,Neurology,3352110392,Pacific Coast Medical Center,10,Y,True,605-914-7705x3833,---,OR
PRV0422,Larry,Lopez,Orthopedics,1875109792,Pacific Coast Medical Center,35,True,1,858-635-0344,claudia64@example.net,ND
PRV0306,Kelly,Nichols ,Radiology,6210427523,Metro University Hospital,17,Yes,Y,001-208-237-0816x470,pwang@example.com,PW
PRV0461,Jason,Turner,Family Medicine,6433502716,St. Mary's Medical Center,11,True,False,5738607763,davisgregory@example.net,VA
PRV0123,Bryan,Goodwin,Oncology,1158693806,Metro University Hospital,16,True,Yes,468.379.3741x60898,kthompson@example.org,AS
PRV0010,Amy,Adkins,Neurology,97882081,Valley Medical Center,6,False,0,(219)313-6193,ksandoval@example.net,MD
PRV0337,gabrielle,Williams,Cardiology,5690674471,Lakeside Community Hospital,21,True,True,001-963-392-8234x14363,jacobbond@example.net,SC
PRV0330,Richard,Murphy,Nephrology,1554234016,Riverside General Hospital,9,False,True,361.712.8497,andrea91@example.org,GA
PRV0157,Brian,Scott,Dermatology,2869904137,Riverside General Hospital,31,True,True,+1-677-423-6929x298,sandra99@example.org,IN
PRV0356,pamela,Schroeder,Dermatology,6339912971X,Valley Medical Center,32,True,False,4246817175,carlosray@example.com,CO
PRV0102,Victoria,Patterson,internal medicine,2424154152,Greenfield Memorial,25,True,False,N/A,brittneystone@example.com,AL
PRV0242,Rachel,Medina,Cardiology,1387592712,Oakwood Hospital,14,True,True,N/A,janet80@example.org,MD
PRV0118,Stacy,Conner,Endocrinology,7528953926,Greenfield Memorial,3,True,True,542-320-9690x2959,vtaylor@example.org,IA
PRV0347,Amy,Garcia,Orthopedics,,Valley Medical Center,31,Yes,False,+1-743-361-7213x1451,sandra10@example.net,Florida
PRV0310,Kenneth,Hernandez,Cardiology,3039752450,Pacific Coast Medical Center,3,True,Y,864.703.5533x80339,scottsmith@example.com,CA
PRV0243,Tristan,Cruz,Gastroenterology,7947386463,Metro University Hospital,20,True,False,375-320-7167,ralphneal@example.org,WA
PRV0380,Thomas,Cook,ORTHO,2412095790,Summit Health System,20,True,False,337.310.0943x8822,linda57@example.com,WA
PRV0154,Wayne,Bates,Neurology,9282722992,Greenfield Memorial,2,False,1,001-775-803-7314x5303,chardin@example.org,SD
PRV0200,Gina,Peterson,Psychiatry,9902355770,Riverside General Hospital,30,0,True,+1-727-227-8576x0849,barbararivera@example.com,CA
PRV0199,Jessica,Jimenez,Gastroenterology,2934301071,Valley Medical Center,31,False,True,001-639-366-0558x3034,kevin85@example.org,DE
PRV0195,Shawn,Wright,Oncology,21117518,Lakeside Community Hospital,7,FALSE,True,+1-426-286-0259x222,uparker@example.com,LA
PRV0151,Debbie ,Hunt,Orthopedics,2239431290,Pacific Coast Medical Center,8,True,Yes,001-487-581-4141x39755,mitchellchad@example.org,MD
PRV0350,Angela,Rosario,Pulmonology,1055247286,Metro University Hospital,21,Yes,False,not provided,mileselizabeth@example.org,NJ
PRV0063, Alicia,Hammond,Family Medicine,9125177852,Riverside General Hospital,28,1,1,001-789-522-6801x82422,stacey84@example.org,KS
PRV0479,PAULA,Woods,Cardiology,2151494097,Oakwood Hospital,16,True,Y,(726)237-4845x39862,josephmichael@example.org,WI
PRV0213,Juan,hodge,Emergency Medicine,192927524,St. Mary's Medical Center,26,True,False,---,donnabarber@example.org,IL
PRV0198,Priscilla,Wilkins,Pulmonology,6814721458,Oakwood Hospital,24,True,False,(783)639-0198x17946,sara99@example.com,NC
PRV0019,Dana,Cannon,Oncology,8734714345,Greenfield Memorial,28,FALSE,TRUE,981-822-3623x16658,clarkrobert@example.net,UT
PRV0158,Nicholas,ANDERSON,Endocrinology,,Lakeside Community Hospital,22,True,Y,+1-890-888-1172x980,nancy86@example.org,AS
PRV0192,Thomas,Shaw,ORTHO,9752677223,Valley Medical Center,2,False,TRUE,306.404.6333,fcamacho@example.net,MD
PRV0353,Meagan,Velasquez,Endocrinology,7756620563,St. Mary's Medical Center,19,False,False,311-315-9503x428,carlaavila@example.com,ID
PRV0411,Jasmine,Kirk,ob/gyn,7674124151,Pacific Coast Medical Center,8,True,N,not provided,james80@example.net,SC
PRV0439,Jennifer,Newton,Nephrology,1613944988,Pacific Coast Medical Center,14,False,1,605.297.3642,N/A,KY
PRV0001,Danielle ,Johnson,Endocrinology,4332181960,St. Mary's Medical Center,18,Yes,Y,,---,WV
PRV0061,Scott,Jones,Pulmonology,2856543102,Valley Medical Center,19,True,False,386.481.4473x9473,hayesrachel@example.com,CO
PRV0109,CHRISTIAN,Watson,Psychiatry,8023806174,Northside Regional Medical,18,True,False,001-945-718-7053x49493,,VA
PRV0322,David,Alvarado,Gastroenterology,9316087524,St. Mary's Medical Center,10,True,True,777.629.4209,hillmelanie@example.net,NJ
PRV0313,Anna,Castillo,Emergency Medicine,5273230085,St. Mary's Medical Center,22,True,0,866.465.6749x1601,kathrynkrueger@example.net,MI
PRV0139,Elizabeth,Davidson,Dermatology,2890028772X,Pacific Coast Medical Center,29,True,False,875-835-4083,christianwallace@example.net,NV
PRV0436,Gina,SMITH,Nephrology,6604641978,Metro University Hospital,6,False,N,(275)785-1268x612,james97@example.com,AR
PRV0395,Chelsea,Conley,Psychiatry,516991872,Valley Medical Center,30,False,1,201-207-8356x743,ayalalisa@example.net,PA
PRV0321,Jesus,Green,Family Medicine,4111593195,Riverside General Hospital,26,True,False,(556)890-4098,xflores@example.net,WY
PRV0227,Ryan,Walker,Pulmonology,9290600780,Valley Medical Center,21,True,TRUE,(786)671-7731x80632,deborahdavis@example.com,TN
PRV0458,Mason,Byrd,Emergency Medicine,,Northside Regional Medical,30,True,False,7809850960,bailey11@example.net,CO
PRV0056,Dominic ,Thornton,Internal Medicine,7901043289X,Pacific Coast Medical Center,7,TRUE,TRUE,961.243.4103x69711,jennifercarter@example.org,RI
PRV0405,Jessica,James,Orthopedics,1139898681,Riverside General Hospital,19,True,True,---,stephengoodman@example.org,UT
PRV0069,Matthew,Clayton,Emergency Medicine,8794705516,Oakwood Hospital,27,False,False,001-240-997-4993,alexandriagriffith@example.com,fl
PRV0473,Carolyn,Garza,Cardiology,1911359966,Valley Medical Center,10,True,FALSE,001-405-277-9806x603,corey60@example.net,NH
PRV0004,Jennifer,Lewis,Nephrology,7672423884,Oakwood Hospital,27,True,True,001-496-496-5328x7101,ycarlson@example.com,PA
PRV0280,Dillon,Fields,Psychiatry,7725199663,Pacific Coast Medical Center,13,True,True,(358)507-4120x9481,bernardaimee@example.com,NY
PRV0231,Tara,Weaver,Psychiatry,2756704310,Northside Regional Medical,21,True,TRUE,985.969.5579,ashley42@example.com,IN
PRV0220,Kyle,Ferguson,Neurology,7005050613,Greenfield Memorial,21,True,True,+1-287-582-9310x2707,alexischen@example.com,GU
PRV0049,Monica,Reese,family medicine,3521818835,Metro University Hospital,4,True,True,(923)912-4329x212,kmaldonado@example.net,SC
PRV0446,Mark,Mora,Hematology,2371006876,Valley Medical Center,10,Y,Yes,964-281-9807,lisa05@example.com,VT
PRV0043,Claudia,Richards,Hematology,5698478961,Lakeside Community Hospital,18,1,False,001-318-736-7365x766,qedwards@example.com,FL
PRV0116,Terri,Garcia,Orthopedics,3480396522,Greenfield Memorial,25,True,False,495.559.0599,lweaver@example.com,AZ
PRV0027,Shelley,Woods,Gastroenterology,1671902294,Oakwood Hospital,34,False,True,831-986-9993,levans@example.com,ME
PRV0185,Mark,Wolfe,Pulmonology,2067998136,Summit Health System,34,True,True,862-825-1790x8641,kathleencastillo@example.org,NM
PRV0406,john,Oconnor,Pulmonology,,Pacific Coast Medical Center,10,True,False,476.639.2836,matthew11@example.com,MT
PRV0089,Kathleen,Garcia,Nephrology,1267888610,Lakeside Community Hospital,2,1,False,658-819-9560,umaxwell@example.net,MH
PRV0262,Clinton ,Murphy,Pulmonology,4165915201,Riverside General Hospital,12,False,True,not provided,solisjustin@example.org,WA
PRV0380,Thomas,Cook,ORTHO,2412095790,Summit Health System,20,True,False,337.310.0943x8822,linda57@example.com,WA
PRV0492,Justin,Simon,Hematology,6425064207,Pacific Coast Medical Center,9,True,Y,(983)762-5366x67776,,NC
PRV0130,Michelle,Green,Neurology,4328309652,Northside Regional Medical,16,True,True,001-507-944-6660x9935,william28@example.org,LA
PRV0013,Andrea,Patterson,Cardiology,112805982,Greenfield Memorial,11,Yes,TRUE,(420)545-0533x15869,theresacochran@example.com,AK
PRV0498,John,Parker,Hematology,7650471580,Riverside General Hospital,1,True,True,(890)890-4637,dominguezjoseph@example.com,MA
PRV0153,Amanda,BAKER,Family Medicine,1108099693,Northside Regional Medical,21,1,True,5846887256,stevendixon@example.com,MN
PRV0080,Luis,Harper,Nephrology,53428364,Metro University Hospital,28,True,1,not provided,yhernandez@example.org,WV
PRV0312,Stephanie,Ward,Dermatology,6277689627,Valley Medical Center,3,True,TRUE,4666149828,dford@example.com,MS
PRV0077,Tracy,Nolan,Oncology,7072867908,St. Mary's Medical Center,7,True,True,340.264.0391x065,andersenthomas@example.com,MT
PRV0296,kristine,Murphy,Psychiatry,428973179,Lakeside Community Hospital,9,Yes,False,428-768-5787,alicia77@example.com,KY
PRV0090,Victoria,Sanchez,Cardiology,8262244472,Pacific Coast Medical Center,27,FALSE,1,626-546-4715,mwheeler@example.com,CT
PRV0125,Katherine,Ayers,Psychiatry,1914856467,St. Mary's Medical Center,32,0,True,001-897-202-4629,vpreston@example.net,IA
PRV0175,Jacob,Garcia,Family Medicine,4270312073,Metro University Hospital,31,True,No,964-475-7051x20461,---,MP
PRV0317,Matthew,Richards,Gastroenterology,7710040901,Oakwood Hospital,19,True,TRUE,780.869.8477,nathan55@example.org,MN
PRV0453,Erica,Gordon,Family Medicine,7127058772X,Greenfield Memorial,31,True,True,(516)341-7582,jasonshaw@example.com,WI
PRV0025,Richard,Sanchez,Int. Medicine,9578856855,Valley Medical Center,33,True,True,not provided,lhill@example.net,PA
PRV0162,Tabitha,Brown,Emergency Medicine,2770384309,Greenfield Memorial,32,True,False,not provided,aprilmclaughlin@example.org,PW
PRV0281,Penny,Martinez,Cardiology,8204339718,Valley Medical Center,7,1,1,+1-756-890-7056x260,,LA
PRV0183,Victoria,Turner,Endocrinology,4335048889,Pacific Coast Medical Center,11,True,False,001-721-507-5224,jonathanevans@example.net,MO
PRV0416,Evan,Brooks,Cardiology,6383000818,Oakwood Hospital,4,False,True,(870)424-4033x0416,michelle11@example.net,VA
PRV0120,Katherine,Perez,Hematology,7104054115,Pacific Coast Medical Center,7,TRUE,True,(962)218-1599,kdunlap@example.net,FM
PRV0424,Christian,Booker,Endocrinology,2876754813,St. Mary's Medical Center,27,True,No,+1-366-567-5485,soniabass@example.net,FL
PRV0007,Jeffrey,Morgan,Emergency,,Greenfield Memorial,17,True,FALSE,4519834738,kristenaguirre@example.org,CT
PRV0011,Sarah,harris,Radiology,,Valley Medical Center,30,True,Yes,599.711.8384x251,eric84@example.net,AS
PRV0278,Rodney,Alexander,Pulmonology,76228277,Oakwood Hospital,6,True,True,,,MN
PRV0308,Marcus,Smith,Psychiatry,5063731495,Lakeside Community Hospital,3,True,True,4136649718,greenetina@example.net,MS
PRV0169,lisa,Woods,Nephrology,1754558845,Greenfield Memorial,33,True,True,4616593998,mark87@example.net,NV
PRV0082,Morgan,Lopez,Orthopedics,9837354033,Oakwood Hospital,20,Yes,True,001-717-639-3638x5467,michael77@example.org,AS
PRV0238,Heather,Howard,Neurology,456504481,Northside Regional Medical,2,True,True,732.419.2855x44518,taylorjuan@example.com,MT
PRV0367,Kimberly,Hartman,OB/GYN,4041209117,Lakeside Community Hospital,21,False,True,+1-811-324-4211x753,apope@example.org,NM
PRV0300,Sheri,Butler,Endocrinology,7780529240,St. Mary's Medical Center,16,True,False,255.436.6684x5909,tiffanygamble@example.net,SC
PRV0459,Terri,Norman,Neurology,8281979316,Valley Medical Center,6,True,False,277-825-1295x786,adam60@example.org,IN
PRV0329,Jonathan,James,Rheumatology,2671462831,Summit Health System,19,1,False,+1-243-559-8926x2566,nelsonamanda@example.net,OH
PRV0222,Donald,Perry,Rheumatology,5827390219,Metro University Hospital,33,True,True,(420)571-0021x9467,daniellemills@example.com,IA
PRV0426,Alexander,Nelson,Rheumatology,4760440907,Greenfield Memorial,4,True,Yes,+1-477-427-8105x092,barnesmegan@example.org,NV
PRV0372,Dakota,Ramirez,Neurology,9196655330,St. Mary's Medical Center,31,Yes,True,570.246.1172x9596,andrew90@example.com,LA
PRV0391,Elizabeth, Porter,Orthopedics,7533126610,St. Mary's Medical Center,6,True,True,+1-941-801-7590x251,vanessaberry@example.org,ID
PRV0097,Amanda,Ellison,Oncology,2827422579,Oakwood Hospital,32,1,1,9508723688,cperry@example.com,GA
PRV0423,Darlene,Harris,Neurology,9213424912X,Summit Health System,30,True,1,596.359.9949x73203,douglasalvarez@example.org,MD
PRV0302,Sydney, Campbell,Internal Medicine,3481705802,Oakwood Hospital,16,True,True,666-821-2867x16323,not provided,OR
PRV0371,Danny,lamb,Orthopedics,6253135525,St. Mary's Medical Center,31,True,Yes,505-305-3795,ncampbell@example.net,IL
PRV0484,Karen,Garza,Internal Medicine,8158998868,Northside Regional Medical,22,True,True,+1-934-252-7346x6661,jgarcia@example.com,RI
PRV0084,Jessica,Bell,Radiology,2872808010,Lakeside Community Hospital,20,TRUE,N,001-906-923-1203x87509,smithandrea@example.org,AK
PRV0093,PAULA,Herrera,OB/GYN,1135290965,Pacific Coast Medical Center,4,True,0,(810)914-3888x99375,michaeljohnson@example.org,LA
PRV0046,Alyssa,Bennett,Nephrology,7525459910,Northside Regional Medical,4,True,True,(929)801-4767,jason81@example.com,NE
PRV0454,Alyssa,Garcia,Hematology,4939252362,St. Mary's Medical Center,2,True,True,(592)658-7964,tmichael@example.com,FL
PRV0047,Daniel,Gregory,Radiology,9784036900,Valley Medical Center,30,True,True,943.824.4510,davidpatel@example.org,NY
PRV0186,Randall,Duncan,Gastroenterology,8983314659,Lakeside Community Hospital,12,True,False,216-665-5355,vanessajensen@example.com,RI
PRV0228,kevin,Warner,Orthopedics,9907726257,Pacific Coast Medical Center,33,True,TRUE,001-501-365-8046x498,jill08@example.net,MN
PRV0466,Richard,Eaton,Radiology,1334245798,Riverside General Hospital,20,True,TRUE,294.425.6529x06032,conleyjohn@example.com,MD
PRV0323,Crystal,Lewis,Rheumatology,,St. Mary's Medical Center,9,1,No,001-364-620-8656x7566,heather38@example.com,CT
PRV0456,Joshua,Jones,Gastroenterology,2579706734,Riverside General Hospital,7,True,True,+1-396-901-0548x574,nicolejones@example.net,MT
PRV0016,Elizabeth,Martinez,Psychiatry,4846564823,Northside Regional Medical,18,True,False,(762)999-4680x44369,nramos@example.net,NJ
PRV0232,Todd,Arellano,Pulmonology,254729284,Pacific Coast Medical Center,5,Y,1,(422)923-1059,mike38@example.net,AZ
PRV0471,Curtis ,Fuller,Radiology,7374189721,Northside Regional Medical,12,Y,1,001-354-306-4176x92743,john76@example.com,AR
PRV0322,David,Alvarado,Gastroenterology,9316087524,St. Mary's Medical Center,10,True,True,777.629.4209,hillmelanie@example.net,NJ
PRV0059,Kimberly,GLENN,Orthopedics,5415667652,Greenfield Memorial,34,True,FALSE,---,murphykenneth@example.com,PA
PRV0107,Shawn,LYNCH,Internal Medicine,,Riverside General Hospital,28,True,True,342.952.4105x64814,---,PR
PRV0250,Joshua,Knight,Pulmonology,8763514846,Valley Medical Center,19,True,True,+1-485-936-6498x78208,donnaholloway@example.com,KY
PRV0060,Jennifer,Jackson ,Orthopedics,7570596401,Riverside General Hospital,9,TRUE,False,+1-765-882-0297x02135,jacobserika@example.com,MN
PRV0478, Laura,Riley,Psychiatry,1878519358,Northside Regional Medical,1,True,Yes,874.390.7977,N/A,AR
PRV0040,Robert,Newton,Hematology,2617964053,Northside Regional Medical,30,False,True,373.951.5850x643,batesdarlene@example.net,AK
PRV0282,Douglas,Scott,ob/gyn,1246209520,St. Mary's Medical Center,22,N,True,001-204-561-5265x461,karenwillis@example.com,New York
PRV0305,DANIELLE,Lowe,OB/GYN,7656360041,Oakwood Hospital,2,True,Yes,001-925-677-7118x372,,HI
PRV0239,Matthew,Bartlett,Oncology,1328338988,St. Mary's Medical Center,12,True,False,001-781-467-1120x754,mpreston@example.net,WV
PRV0257,Stacy,Leblanc,Cardiology,9317342069,Northside Regional Medical,7,True,True,---,jamesatkins@example.com,LA
PRV0026,Justin,Garcia,Endocrinology,3435240824,Valley Medical Center,33,True,Yes,6089427109,lalexander@example.org,KS
PRV0311,Stephanie,WILLIAMS,Nephrology,2321298338,St. Mary's Medical Center,21,False,True,567-642-3362,barbara34@example.com,CO
PRV0413,Brandy,Little,Pulmonology,7824347769,Oakwood Hospital,27,True,Y,(887)341-3146x753,stevenflores@example.org,MI
PRV0062,Lisa,Ponce,Nephrology,5518844225,Valley Medical Center,33,True,False,N/A,parkeryvonne@example.net,NJ
PRV0477,Jason,SMITH,Hematology,3097768893,Riverside General Hospital,2,Yes,Yes,(728)796-9645x46553,rubiodennis@example.net,IA
PRV0012,Destiny,Smith,Emergency Medicine,8412411824,Metro University Hospital,14,True,FALSE,293-253-4874x0164,kellie42@example.net,NV
PRV0241,David,King,Radiology,1401193932,Riverside General Hospital,10,True,False,+1-350-312-4955x28938,ricejennifer@example.com,GA
PRV0018,Grace,Stafford,Rheumatology,1632870831X,Lakeside Community Hospital,17,TRUE,False,927.488.9579x868,wcole@example.org,MP
PRV0404,Nancy,Thomas,Orthopedics,5955657490,Lakeside Community Hospital,26,True,False,(550)742-9019,shelby69@example.org,TN
PRV0068,Valerie,Grant,FP,5239868000,Metro University Hospital,14,True,True,(757)787-2982,phillipjensen@example.com,OR
PRV0303, James,Moran,Int. Medicine,7430271693,Greenfield Memorial,23,TRUE,Y,459.877.7901x47546,haydenwilliamson@example.com,NH
PRV0210,Jennifer,Tucker ,Dermatology,6212679692,Greenfield Memorial,27,N,TRUE,986.587.6532x690,robert89@example.com,AZ
PRV0113,Shannon,adkins,Neurology,3171210032,Lakeside Community Hospital,31,1,Yes,365.519.9410,flamb@example.com,DE
PRV0360,Miranda,Cisneros,Pulmonology,64421214,Valley Medical Center,24,True,True,576-783-4201x6542,iolson@example.net,WY
PRV0214,Becky,Wilkinson,Rheumatology,410276747,Riverside General Hospital,14,True,True,001-883-766-7428x6047,davisamanda@example.com,PR
PRV0107,Shawn,LYNCH,Internal Medicine,,Riverside General Hospital,28,True,True,342.952.4105x64814,---,PR
PRV0005,Wendy,RICE,Internal Medicine,8018451462,Lakeside Community Hospital,28,True,TRUE,704.482.8148x932,georgetracy@example.org,MN
PRV0493,Jamie,Robinson,Pulmonology,3939578654,Northside Regional Medical,25,True,False,862.271.8749,N/A,TN
PRV0103,Alan,Cooper,Orthopedics,1627136111,Northside Regional Medical,27,True,N,not provided,samanthajensen@example.com,VI
PRV0298, Taylor,Ortiz,Cardiology,7546027341X,St. Mary's Medical Center,17,True,True,(714)288-8143x111,matthewleonard@example.com,ME
PRV0279,Kevin,Tucker,EM,,St. Mary's Medical Center,24,True,False,6189510679,kimberly79@example.org,WV
PRV0254,Bridget,Henry,Psychiatry,,Greenfield Memorial,28,True,False,354.509.0034x8645,zprice@example.com,ME
PRV0264,Sean,Hughes,Psychiatry,4996165926,Metro University Hospital,10,True,1,+1-661-908-5732x7881,zmiller@example.com,ME
PRV0252,edward,Johnson,OB/GYN,4778660324,Oakwood Hospital,23,True,False,(204)348-2070,carolyn16@example.com,TN
PRV0094,Robert,Nixon,Endocrinology,1254573875X,Pacific Coast Medical Center,9,1,True,517.475.1401x0512,not provided,IN
PRV0160,Brenda,Green,Psychiatry,8695946368,Riverside General Hospital,26,False,No,+1-772-858-8744,melissahopkins@example.net,IN
PRV0331,Louis,Walton,Rheumatology,2588967924,Riverside General Hospital,21,True,False,7825226940,lmann@example.com,MI
PRV0002,Linda,Wolfe,Endocrinology,5423511615,Oakwood Hospital,6,TRUE,True,(794)507-8161x849,williamsjeremy@example.com,CO
PRV0038,James,Buchanan,Pulmonology,5884247451,Greenfield Memorial,31,True,True,312.936.8516x048,emily49@example.com,GU
PRV0299,Julie,Mack,OB-GYN,4392840445,Northside Regional Medical,8,True,True,(969)907-8263x3373,latoya53@example.com,WI
PRV0167,Alexander,Clark,Pulmonology,9155942843,Pacific Coast Medical Center,19,Y,True,not provided,iwhite@example.net,TX
PRV0341,Eric,Anderson,Neurology,,Metro University Hospital,34,False,False,568.880.2942x4090,gcohen@example.org,GA
PRV0003,Melissa,Delacruz,Cardiology,6475255341,Summit Health System,15,Yes,Yes,+1-528-232-7648x350,richard13@example.net,FM
PRV0096,Tammy,Edwards,Rheumatology,6969155792,Lakeside Community Hospital,31,Y,False,+1-849-891-2513x41252,baileyhenderson@example.com,SC
PRV0024,Karen,Hudson,Oncology,6507527354,Metro University Hospital,8,Yes,True,949-948-0831x36783,fmcguire@example.com,IN
PRV0260,Taylor,Davis,OB/GYN,8624150274,Oakwood Hospital,13,False,True,001-456-944-9485x6257,lopezbrian@example.org,AZ
PRV0355,Connor,Russell,Psychiatry,81820967,Summit Health System,11,Y,Yes,---,matthewward@example.com,AZ
PRV0285,Angela,Ramirez,Neurology,6398554743,Pacific Coast Medical Center,19,True,False,+1-455-837-9502x09700,ifarmer@example.org,WY
PRV0212,Rebecca,Berry,Emergency Medicine,,Riverside General Hospital,24,Y,N,307-492-9049x047,yorkjoshua@example.org,RI
PRV0134,Jacob,Vaughan,Gastroenterology,6033230982,Summit Health System,14,Yes,True,250-364-8909,williamsdarrell@example.com,MS
PRV0440,Adam,Clark,Internal Medicine,6244795133,Summit Health System,13,False,Yes,8537194979,jalvarez@example.org,MA
PRV0449,Alexander,Diaz,Pulmonology,8867925298,Oakwood Hospital,32,True,N,585-667-2872x76015,jeffreyramirez@example.net,WY
PRV0301,Lauren,Mcintyre,Rheumatology,9663618637,Riverside General Hospital,8,Yes,True,459-274-1218,mjohnson@example.org,PW
PRV0143, Raymond,COOPER,Neurology,4722698485,Oakwood Hospital,25,TRUE,True,001-783-333-9452x288,anna99@example.net,VT
PRV0340,Kimberly,Rice,Endocrinology,5343961129,Oakwood Hospital,10,True,True,709-633-7118,mmayo@example.net,VA
PRV0314,William,Burns,Hematology,5066337050,Northside Regional Medical,29,N,True,not provided,lsanders@example.org,NC
PRV0230,Shaun,Mason,Hematology,,Metro University Hospital,30,True,False,911.462.4112x412,abigailburton@example.com,MT
PRV0369,Kathleen,Robinson,OB/GYN,5130523124,Oakwood Hospital,32,1,True,573-615-8477x686,jamesmathis@example.net,KY
PRV0247,Donna,Jennings,Emergency Medicine,9778280647,Northside Regional Medical,8,1,True,001-269-454-5009,michael90@example.net,MA
PRV0455,Kevin,Acosta,Orthopaedics,57469660,St. Mary's Medical Center,33,True,True,(852)774-0334x45056,laurenwilliamson@example.com,PR
PRV0086,Melanie,Valdez,Psychiatry,166687002,Pacific Coast Medical Center,29,True,True,576-959-1803,brandon14@example.net,OK
PRV0250,Joshua,Knight,Pulmonology,8763514846,Valley Medical Center,19,True,True,+1-485-936-6498x78208,donnaholloway@example.com,KY
PRV0155,Mario,Padilla,Oncology,8449892665,Greenfield Memorial,3,True,True,001-718-946-3865,aeaton@example.net,FM
PRV0182,Richard,Morgan,ORTHO,2897558556,Summit Health System,6,Yes,True,001-865-293-9836x84577,N/A,DC
PRV0075,Patrick,Griffin,Cardiology,4549904530,Valley Medical Center,23,Y,True,+1-417-942-6841x45933,spencerzhang@example.com,MT
PRV0297,Bianca,Little,Dermatology,9033373634,Lakeside Community Hospital,31,Y,True,(569)225-4812x14785,vhunt@example.com,NV
PRV0089,Kathleen,Garcia,Nephrology,1267888610,Lakeside Community Hospital,2,1,False,658-819-9560,umaxwell@example.net,MH
PRV0123,Bryan,Goodwin,Oncology,1158693806,Metro University Hospital,16,True,Yes,468.379.3741x60898,kthompson@example.org,AS
PRV0129,Lauren,Walker,Dermatology,,Pacific Coast Medical Center,29,True,1,not provided,rbrown@example.net,MD
PRV0415,Jeffrey,Hutchinson,Nephrology,8319952980,Greenfield Memorial,5,True,Y,001-506-415-5810x8358,oheath@example.com,AS
PRV0021,Christopher,Patterson,Endocrinology,7204653755,Lakeside Community Hospital,11,True,True,001-264-564-1708x05310,maryhowell@example.org,DC
PRV0384,Ann,Mckay,CARDIOLOGY,4236914307,Metro University Hospital,29,True,False,(836)766-1449x429,feliciagonzalez@example.org,MT
PRV0345, Tracy,Blair,Internal Medicine,4042269312,Riverside General Hospital,3,False,False,363-876-1820,asmith@example.net,AZ
PRV0408,David,Merritt,Nephrology,5999101576,Summit Health System,6,True,True,+1-776-947-2298x1209,lflores@example.net,VA
PRV0292,John,Robles,Oncology,249685498,Pacific Coast Medical Center,33,True,True,001-522-274-9545x08920,mcooper@example.net,PW
PRV0098,Christopher,Johnson ,Cardio,3404384279,Valley Medical Center,16,TRUE,Y,001-578-881-9148x5807,fitzgeralddesiree@example.org,ME
PRV0427,DANA,Brown,Rheumatology,,Summit Health System,35,True,False,001-458-906-6013x8241,not provided,MT
PRV0272, Edward,Vaughn,Emergency Medicine,8910771199,Valley Medical Center,25,True,True,480-681-2135,fgill@example.net,VI
PRV0291,Robert,hancock,Endocrinology,9076769915,Oakwood Hospital,8,True,False,+1-507-485-9311x0919,michael79@example.com,HI
PRV0253,Diane,davis,Family Practice,2319818984,Northside Regional Medical,2,True,Yes,313.491.5596x3632,taragonzales@example.com,VI
PRV0070,Lorraine,Allen,Neurology,9130756263,Lakeside Community Hospital,12,False,True,(489)970-2838x57865,amy49@example.com,ID
PRV0088,Kayla,Friedman,Psychiatry,6504773586,Riverside General Hospital,16,True,True,(829)761-9431x14262,---,MN
PRV0115,Christopher,Reyes,Endocrinology,6383806578,Lakeside Community Hospital,20,1,Yes,659.285.6420x5930,xmoreno@example.net,IN
PRV0382,Daniel,HILL,Oncology,8782455696,Valley Medical Center,8,True,True,743-609-8591x679,montesvictor@example.net,FL
PRV0460,Marcus,Hernandez,FP,39587395,Riverside General Hospital,26,True,True,223.442.1089,stephanie55@example.org,TN
PRV0393,Christine,Hansen,Family Practice,,Northside Regional Medical,32,True,False,811-773-0985x0344,brennaneric@example.com,CA
PRV0197,Angela,Bryan,cardiology,220502099,Valley Medical Center,21,True,True,451-901-6224x9998,sarah14@example.com,MN
PRV0168,Jeremy,Garcia,Dermatology,4386632270,Pacific Coast Medical Center,16,True,True,(667)228-8574,kgarcia@example.org,IL
PRV0105,John,Little,Radiology,1805526965,Metro University Hospital,26,True,0,+1-527-210-9104,fryraymond@example.com,SC
PRV0321,Jesus,Green,Family Medicine,4111593195,Riverside General Hospital,26,True,False,(556)890-4098,xflores@example.net,WY
PRV0448,Ashley,Wheeler,Dermatology,2284035954,Pacific Coast Medical Center,11,TRUE,TRUE,,rosalesbrandy@example.org,OR
PRV0490,Jeffrey,Burton,Gastroenterology,5707139848,Oakwood Hospital,2,False,Y,N/A,mitchell21@example.net,IN
PRV0078,Hector,Taylor,Psychiatry,65676618,Northside Regional Medical,33,True,False,628-968-2300,opatel@example.org,NH
PRV0193,Michelle,Clay,Oncology,,St. Mary's Medical Center,4,False,False,,oblack@example.org,ID
PRV0055,William,Guerra,Orthopedics,1375060685,Pacific Coast Medical Center,21,False,False,461.453.0515,mitchellmaria@example.net,MP
PRV0020,Andrew , Gilmore,Neurology,9670546688,Lakeside Community Hospital,33,True,No,+1-937-434-6706x562,meadowsbrittany@example.net,AK
PRV0277,April,Wright,Cardio,5893571266,Valley Medical Center,25,True,True,,lwiggins@example.com,SC
PRV0179,Shawn,Parsons,Cardiology,8620959351,Pacific Coast Medical Center,17,True,True,+1-386-338-7829x45651,conleydavid@example.org,ID
PRV0258,Julie,reyes,OB/GYN,6393436262,Riverside General Hospital,26,0,0,9443397359,harrisonmonica@example.net,MO
PRV0256,Scott,Davidson,Gastroenterology,634591123,Greenfield Memorial,30,True,False,329.865.7724x29543,hunter69@example.org,AK
PRV0216,James,Johnson,Nephrology,1093911192X,Riverside General Hospital,14,True,N,(692)412-4471x7465,ramirezbryan@example.com,MA
PRV0442,Colleen,Jackson,Psychiatry,5966048736,Valley Medical Center,25,True,True,+1-326-691-1633,not provided,MO
PRV0194,Kelly,Sanders,Orthopedics,,Summit Health System,23,True,True,971.281.2982x665,shawnmosley@example.org,FM
PRV0131,Connor,Anderson,Dermatology,4825135346,Oakwood Hospital,34,1,False,554-394-7170x99917,amoreno@example.org,VI
PRV0499,Michael,Hunt,OB/GYN,6652548374,Oakwood Hospital,15,Yes,True,417-715-8102x131,not provided,VI
PRV0101,HEIDI,Horn,Hematology,8636374545,St. Mary's Medical Center,14,True,1,+1-992-297-5001,nobleeric@example.com,AL
PRV0172,John,MITCHELL,Dermatology,2282005577,Lakeside Community Hospital,29,True,True,+1-948-872-8299,regina78@example.org,AS
PRV0467,Alexander,Castillo,Radiology,5396737948,Oakwood Hospital,22,1,False,314.785.5245x787,bryan56@example.net,AK
PRV0402,Dana, Hawkins,Oncology,6091498517X,Metro University Hospital,20,True,True,N/A,penajack@example.net,VI
PRV0487,Mary,Williams,Dermatology,2939469434,Metro University Hospital,12,False,No,(406)566-4374x90607,walshdarius@example.com,California
PRV0144,Robert,Adkins,Hematology,8460810620,Valley Medical Center,4,True,False,+1-903-342-4420x43805,juliahoffman@example.org,ny
PRV0379,Philip,Robinson,Oncology,4732354940,Greenfield Memorial,31,Yes,True,not provided,martingibson@example.org,TN
PRV0361,Ethan,Horton,Radiology,5960893199,St. Mary's Medical Center,13,Yes,Yes,(355)802-7275,abigail07@example.org,SC
PRV0203,Pamela,Garcia,Oncology,4094353344,Greenfield Memorial,25,True,False,+1-257-314-2241,amydunn@example.com,Florida
PRV0201,Tara,RAMIREZ,Neurology,568299629,Northside Regional Medical,24,1,True,745-904-6173,javier42@example.org,MN
PRV0316, Ryan, Thompson,Oncology,2237281793,Riverside General Hospital,28,Y,Yes,(330)423-4679,carternicholas@example.com,CA
PRV0149,Charles ,Thompson,Nephrology,4819346676,Northside Regional Medical,8,Y,True,(350)661-8091x90158,catherine47@example.com,MO
PRV0269,Tyler,Lane,Pulmonology,8407678997,St. Mary's Medical Center,29,True,False,608.806.9581,nwilson@example.net,MI
PRV0122,James,Johnson,Oncology,2417146774,Greenfield Memorial,35,TRUE,True,286-625-6527,omarshall@example.com,OK
PRV0137,Laurie,Edwards,Pulmonology,1100225579,Valley Medical Center,3,False,True,not provided,andersonjessica@example.org,CT
PRV0269,Tyler,Lane,Pulmonology,8407678997,St. Mary's Medical Center,29,True,False,608.806.9581,nwilson@example.net,MI
PRV0476,natalie,sullivan,Cardiology,4258562614,Lakeside Community Hospital,28,True,True,+1-991-553-7038x240,---,AS
PRV0058,Katherine,Anderson,Emergency Medicine,5852772217,Valley Medical Center,11,True,True,N/A,benjamin34@example.com,VI
PRV0195,Shawn,Wright,Oncology,21117518,Lakeside Community Hospital,7,FALSE,True,+1-426-286-0259x222,uparker@example.com,LA
PRV0271,Laura,Hahn,Rheumatology,7433800545,Pacific Coast Medical Center,34,True,True,+1-922-680-1561x93183,kristen08@example.com,MH
PRV0417,Jade,Oconnor,Dermatology,89219639,St. Mary's Medical Center,19,True,False,,adavis@example.net,KY
PRV0064,James,Huber,Psychiatry,4249818299,Lakeside Community Hospital,17,True,True,(229)695-9001,katiebutler@example.net,AK
PRV0071,Susan,Ramirez,Psychiatry,4344375758,Northside Regional Medical,16,True,N,001-344-719-8665x2404,vdouglas@example.com,IL
PRV0488,Isaac, Murphy,Orthopedics,,Pacific Coast Medical Center,16,True,True,(531)287-3280x7711,wlopez@example.net,AS
PRV0272, Edward,Vaughn,Emergency Medicine,8910771199,Valley Medical Center,25,True,True,480-681-2135,fgill@example.net,VI
PRV0435,Vincent,Williams,Hematology,4615626244,Northside Regional Medical,34,True,True,N/A,martindavid@example.net,MS
PRV0267,Misty,Church,Cardiology,9749956412,Riverside General Hospital,33,True,1,,ywilkinson@example.net,ID
PRV0397,Julie,Beasley,Endocrinology,8900301027X,Metro University Hospital,11,True,True,(840)955-9342,douglascharles@example.net,IL
PRV0400,Brett,Torres,Cardiology,8509549305,Northside Regional Medical,7,True,1,001-696-460-1864x8769,pmcdonald@example.org,PW
PRV0170,Pamela,James,Cardiology,4722569961,Valley Medical Center,27,True,False,825-635-5449,xnorman@example.net,OR
PRV0037,Kenneth,Spence,Cardiology,6409097439,Oakwood Hospital,16,TRUE,True,(733)494-2104x709,browningmark@example.com,HI
PRV0244,Sara,Levine,Cardiology,1535396136,St. Mary's Medical Center,10,True,True,001-674-499-4657x9678,qrodriguez@example.com,NM
PRV0083,Tina,Harrison,Orthopedics,5355609320,Oakwood Hospital,9,True,True,589-996-4235x369,jonathan77@example.com,GA
PRV0261,Thomas,Martin,Pulmonology,7617075877,Summit Health System,7,TRUE,True,512.215.1342x2849,robertjones@example.com,TX
PRV0349,Paul, Flores,Rheumatology,6769523668,Northside Regional Medical,31,TRUE,TRUE,N/A,,MN
PRV0373,David,Rasmussen,Radiology,880501716,Lakeside Community Hospital,16,True,False,001-644-955-6185x7906,hallison@example.com,RI
PRV0491,Adam,Smith,Nephrology,691309810,Pacific Coast Medical Center,19,True,Y,+1-979-964-9673x7945,shawnsuarez@example.org,FL
PRV0023,Blake,patel,Oncology,5185067165,Oakwood Hospital,1,True,TRUE,+1-672-762-8498x7769,mariahmiller@example.com,IA
PRV0338,Eduardo,Martinez,OBGYN,6043260931,Metro University Hospital,9,False,False,9662843356,tschneider@example.org,KY
PRV0309,Erica,Compton,Gastroenterology,2525715099,Pacific Coast Medical Center,31,True,False,568.838.9030x914,christinebrown@example.com,NM
PRV0323,Crystal,Lewis,Rheumatology,,St. Mary's Medical Center,9,1,No,001-364-620-8656x7566,heather38@example.com,CT
PRV0240,Tara,Jackson,Psychiatry,4013223423,Metro University Hospital,1,True,TRUE,---,mcguirewilliam@example.org,NJ
PRV0221,Laura,Bryant,Pulmonology,2911179931,Northside Regional Medical,34,True,True,765.565.1982,watkinsmatthew@example.org,KY
PRV0014, Harry,Middleton,Rheumatology,6342160733,Northside Regional Medical,18,False,True,754.833.0365x414,sheila14@example.org,OR
PRV0411,Jasmine,Kirk,ob/gyn,7674124151,Pacific Coast Medical Center,8,True,N,not provided,james80@example.net,SC
PRV0161,Sean ,Lyons,Internal Medicine,2138658902,Oakwood Hospital,30,1,True,(201)827-9611x4351,hmendez@example.com,VT
PRV0073,James,Maynard,Rheumatology,5401938026,Metro University Hospital,20,True,N,(306)772-4004,shawn88@example.com,FM
PRV0178,Michael,Snow,Internal Medicine,3065240778,Lakeside Community Hospital,27,FALSE,FALSE,487-339-2855x7498,shannonweiss@example.net,MN
PRV0277,April,Wright,Cardio,5893571266,Valley Medical Center,25,True,True,,lwiggins@example.com,SC
PRV0368,Susan,Jones,Radiology,6657224029,Greenfield Memorial,20,TRUE,True,+1-690-315-5799x8028,catherineherrera@example.net,NY
PRV0036,Felicia, Jimenez,Family Medicine,9237474074,Summit Health System,5,0,N,+1-982-317-5946x47436,---,UT
PRV0327,KRISTY,Martinez,Neurology,3129208751,Riverside General Hospital,2,True,True,---,michael82@example.com,TN
PRV0208,Lisa,Clay,Pulmonology,227846997,Northside Regional Medical,30,True,N,235.849.4651,melissabrown@example.net,AR
PRV0226,Brian,Taylor,Rheumatology,7762534929,Riverside General Hospital,6,True,TRUE,(998)931-6873,,MD
PRV0121,Ryan,Brown,Rheumatology,5336884443,Lakeside Community Hospital,28,True,True,---,phillipsebony@example.net,NJ
PRV0217,Wendy,Scott,Neurology,4271739627,Metro University Hospital,10,TRUE,True,328-263-9174,jonesjessica@example.com,AK
PRV0030,Ryan,Morris,Cardiology,,Riverside General Hospital,32,True,False,001-727-787-4296x71756,hodgemark@example.net,NM
PRV0348,Gregory,MORENO,Radiology,9262494514,Valley Medical Center,30,True,True,---,duane52@example.org,WI
PRV0189,James,Rasmussen,Orthopedics,,Oakwood Hospital,11,True,False,,raymondstacy@example.org,FL
PRV0496,Hannah,MCKEE,Cardiology,1271026767,Riverside General Hospital,16,True,True,(209)957-9927,nicole15@example.org,HI
PRV0326,Andrew,Berry,Pulmonology,9741926764,Oakwood Hospital,24,True,True,001-821-951-8260,stonebrenda@example.net,GU
PRV0181,Billy,Jones,Dermatology,4138113863,Oakwood Hospital,3,True,Y,not provided,kandrade@example.org,OH
PRV0407,William,Hernandez,Emergency Medicine,7327021648,Northside Regional Medical,31,True,False,001-871-820-6021x288,N/A,LA
PRV0234,Andrea,Parker,Psychiatry,,Riverside General Hospital,27,True,Yes,001-383-843-0187,tracymorrison@example.net,AR
PRV0431,Anne,Barrett,Gastroenterology,515026755,Northside Regional Medical,32,True,True,not provided,qflowers@example.net,MN
PRV0428,Gerald,Francis,Family Medicine,448515791,Lakeside Community Hospital,33,False,True,001-271-411-2125,robinsonnicholas@example.org,FM
PRV0166,Rachael, Ibarra,Cardiology,,Summit Health System,8,Yes,True,4869780856,wolfesteve@example.net,AL
PRV0127,Nathaniel,Brown,Oncology,2148628902,Oakwood Hospital,1,True,1,630.730.7053,owagner@example.org,TX
PRV0352,Glenn ,Martin,Neurology,6678498436,Pacific Coast Medical Center,8,Y,True,(241)586-2369,vwhite@example.net,PA
PRV0265,Edgar,Anderson,Orthopedics,4386490810,Valley Medical Center,4,Y,Yes,218.366.1794x54918,lwhite@example.com,AZ
PRV0065,Tyler, Burton,Hematology,4473647102,Oakwood Hospital,1,True,False,467.773.5925x556,floressteven@example.com,NV
PRV0452,James,Daniels,Cardiology,3974909617X,Lakeside Community Hospital,1,1,True,001-939-697-0469x47258,N/A,KY
PRV0215,Ryan ,Hull,INTERNAL MEDICINE,4544149673,St. Mary's Medical Center,22,True,True,001-393-385-2580x0106,ubell@example.com,KS
PRV0472,Danielle,Grimes,Cardiology,4448564510,Greenfield Memorial,19,True,False,373-997-3964,qobrien@example.com,AZ
PRV0385,Angela,Turner,Nephrology,,Summit Health System,35,True,True,275.885.7567x66708,camposchristina@example.com,WY
PRV0339,Michael,Hahn,Gastroenterology,6350200053,Lakeside Community Hospital,28,Yes,No,374-291-6247x5541,markfigueroa@example.com,WA
PRV0451,Jennifer,Thompson,FP,9484131284,St. Mary's Medical Center,27,True,Y,not provided,gonzalezdarren@example.org,NJ
PRV0176, Alexander,Villegas,Radiology,3673037183,Lakeside Community Hospital,32,0,True,764.252.0881x4743,teresayoung@example.com,MD
PRV0399,Tiffany,Hale,Nephrology,7107044964,Lakeside Community Hospital,26,True,True,904-296-7066,jamielopez@example.com,ND
PRV0444,Frances,Garcia,Endocrinology,9666309329,Pacific Coast Medical Center,21,False,True,+1-981-399-6059x329,,ny
PRV0173,Christopher,Parker,Radiology,6424008254,Pacific Coast Medical Center,21,No,False,780.577.4064x9308,bkhan@example.com,IA
PRV0333,Amanda ,martinez,Gastroenterology,930685389,Metro University Hospital,33,True,False,4977283215,hendersonnicholas@example.com,DE
PRV0033,James,Greene,Nephrology,2146584044,Valley Medical Center,26,FALSE,1,001-897-927-8755,molly39@example.com,IN
PRV0032,Nicole,Washington,OB/GYN,932480861,Greenfield Memorial,28,No,False,817.912.7484,jsanchez@example.org,MS
PRV0233,Elizabeth,Spence,Hematology,2578284106,Riverside General Hospital,24,True,True,427.952.0885x4749,hannah70@example.org,TX
PRV0236,Carl,Choi,OB/GYN,61064628,Summit Health System,10,True,TRUE,001-923-526-4870x49478,moodyeric@example.com,SC
PRV0375,Steven,Martinez,Hematology,2967188397,Summit Health System,27,True,Y,+1-374-357-3144x15833,abrown@example.net,Illinois
PRV0398,Troy,Moss,Gastroenterology,5374584384,St. Mary's Medical Center,22,1,True,588-610-5697x41328,davidhardy@example.org,AZ
PRV0409,Brianna,Duffy,Emergency Medicine,1347509889,Riverside General Hospital,8,True,TRUE,---,justin14@example.com,NM
PRV0188,Rebecca,Rose,Rheumatology,4204394070,Valley Medical Center,1,False,True,864-351-0463,,HI
PRV0174,FRANK,Mclaughlin,Neurology,6634163894,Greenfield Memorial,25,TRUE,0,684-963-1224x1797,malikhernandez@example.net,AK
PRV0419,John,Thomas,Radiology,9789307464,Northside Regional Medical,6,True,True,001-952-705-9960x4387,marcfletcher@example.net,OH
PRV0390,Michael,Ball,Dermatology,5724461767,Pacific Coast Medical Center,13,True,True,+1-829-388-4259x959,johnsonjessica@example.org,CT
PRV0494,patrick, Holmes,Dermatology,2703692492,Greenfield Memorial,26,True,False,+1-269-332-6573x2759,milleralan@example.org,MA
PRV0304,Patrick,Hopkins,Cardiology,9160324841,Oakwood Hospital,24,True,True,001-937-468-1511x856,jared07@example.org,CA
PRV0039,Danielle,Watson,Hematology,3709859317,Summit Health System,7,True,True,---,vwatson@example.net,ND
PRV0266,Christopher,Mcdowell,Rheumatology,4597794523,Pacific Coast Medical Center,3,True,False,(819)341-6800,jacksonthomas@example.net,MO
PRV0482,Nicholas,Jones,Dermatology,2397283512,Riverside General Hospital,24,1,True,+1-359-627-2827x090,daniel29@example.net,GA
PRV0015,Sydney,Baker,Neurology,,Metro University Hospital,4,True,Y,001-734-806-0883,rushsamantha@example.net,MD
PRV0095,Lauren,Soto,Psychiatry,2660937966,Pacific Coast Medical Center,33,True,N,7337419182,stephenbaker@example.com,NC
PRV0017,Laura,Moyer,Psychiatry,2148951343,Summit Health System,32,True,N,820.503.7917,psnyder@example.org,SD
PRV0392,Johnny,Kim,Family Medicine,4332683190,Lakeside Community Hospital,27,N,True,+1-913-502-0569x8152,ashleywells@example.com,MI
PRV0342,Samuel,Hicks,Oncology,8669432029,Summit Health System,18,True,True,590.687.8844,andrea23@example.org,ND
PRV0218,Peggy,Hernandez,Oncology,64256908,Lakeside Community Hospital,9,True,N,001-777-766-1830x671,richard15@example.net,PR
PRV0290,kimberly,Harvey,Oncology,1791100651,St. Mary's Medical Center,31,False,True,(207)204-9611,melissa61@example.net,WV
PRV0414,Heidi,Bush,Rheumatology,7796304483,Valley Medical Center,2,Y,False,(908)554-5667x66404,daisy04@example.com,MT
PRV0295,Marie,Taylor,Emergency Medicine,1534735528,Summit Health System,2,True,True,+1-861-512-2338x655,hinesbrenda@example.net,LA
PRV0079,Michael,Hill,Nephrology,1069033119,Valley Medical Center,3,True,True,5792030673,williamroberts@example.net,OK
PRV0092,James,Osborn,Internal Medicine,2807374167,Riverside General Hospital,28,True,False,(943)842-6617,ystephens@example.com,UT
PRV0388,Kevin,Webb,Endocrinology,2384979162,Northside Regional Medical,22,True,True,not provided,elizabeth66@example.net,AS
PRV0184,Ashley,Robinson,family medicine,1572791940,Metro University Hospital,4,True,True,001-896-210-5566x1390,alice58@example.net,FL
PRV0450,David,Gonzalez,family medicine,7790833506,Oakwood Hospital,3,True,True,+1-515-581-4888x1079,laura23@example.org,UT
PRV0381,Michael,Gardner,Dermatology,7457054589,Metro University Hospital,31,Y,0,814.780.2632x5703,julielee@example.com,SC
PRV0324,David,Goodwin,Emergency Medicine,9047292774,Metro University Hospital,25,False,True,(833)830-5912,saradavis@example.com,HI
PRV0268,Christopher,Carrillo,Family Medicine,2760122777,Pacific Coast Medical Center,13,True,True,,mccoyjennifer@example.com,PR
PRV0191,CARLOS,PATEL,Radiology,1252056647,Pacific Coast Medical Center,7,Y,1,001-542-531-2209x9499,gracehoward@example.net,WI
PRV0159,Timothy,Mack,Radiology,5991624731,Oakwood Hospital,3,1,True,898-564-3009x8180,robert12@example.com,SD
PRV0110,Rachel,Hodges,Oncology,3206038505,Riverside General Hospital,31,True,True,2644138367,christopher38@example.com,UT
PRV0365,Joyce,Stewart,OB/GYN,2963863960,Northside Regional Medical,33,Y,TRUE,001-862-562-6582,mckinneydavid@example.org,SC
PRV0357,Charles,Page,Obstetrics,7474721970,Pacific Coast Medical Center,16,Yes,True,(346)869-2758x955,N/A,RI
PRV0136,Amy,Lozano,Orthopedics,7530011972,Summit Health System,24,Yes,True,981-214-3744,limorgan@example.com,MN
PRV0246,Lisa,Fernandez,Rheumatology,61675677,Northside Regional Medical,18,TRUE,True,6028842762,kgallagher@example.net,NM
PRV0370,Suzanne,Garcia,Internal Medicine,9423767694,Metro University Hospital,22,True,FALSE,691-896-6395x51720,not provided,AK
PRV0275,Sean,Harris,Pulmonology,8997563410,Metro University Hospital,6,True,True,+1-656-728-8431,andrewzamora@example.net,OR
PRV0148,Jennifer,Johnson,Rheumatology,8588770435,Riverside General Hospital,15,False,False,,andrewlove@example.org,CO
PRV0468,Tami,Martinez,Cardiology,,Oakwood Hospital,23,True,True,(481)282-6832x30358,amber82@example.com,GA
PRV0106,Jennifer,Wang,Pulmonology,,Greenfield Memorial,35,1,True,not provided,brianmiller@example.com,DE
PRV0295,Marie,Taylor,Emergency Medicine,1534735528,Summit Health System,2,True,True,+1-861-512-2338x655,hinesbrenda@example.net,LA
PRV0325,Sierra,Wilson,Pulmonology,8596263013X,Pacific Coast Medical Center,24,True,False,(374)392-6176x4750,martinezdarlene@example.net,IN
PRV0259,Gloria,Reeves,Neurology,6941180053,Metro University Hospital,11,True,1,459.290.0489x6465,jorgegordon@example.com,FM
PRV0288,Alexandra,Casey,Rheumatology,3089487060,Pacific Coast Medical Center,19,True,True,,adam35@example.org,FM
PRV0150,Lynn,Johnson,Oncology,2832684245,Lakeside Community Hospital,5,1,N,8883210099,jason53@example.com,MH
PRV0180,Daniel,Lee,Cardiology,967899405,Metro University Hospital,35,True,True,791.803.7170,laura09@example.com,NC
PRV0362,Shannon,Montes,Radiology,1033682963,Oakwood Hospital,29,True,True,(933)990-5504x481,wjenkins@example.net,NE
PRV0165,Thomas,Gomez,Neurology,9423733343,Lakeside Community Hospital,20,True,True,933.295.2111,charlesnathan@example.com,NM
PRV0111,Paula,Ellis,Emergency Medicine,1918261990,Summit Health System,5,True,1,(423)344-5655x74313,danielcole@example.com,MT
PRV0389,Daniel,Butler,Pulmonology,62047196,St. Mary's Medical Center,11,True,False,509-770-5277x4025,lpalmer@example.net,Florida
PRV0465,Robert,JONES,Internal Medicine,7768729047,Summit Health System,10,True,False,542.458.5917x7932,jeremiahmiller@example.org,VT
PRV0257,Stacy,Leblanc,Cardiology,9317342069,Northside Regional Medical,7,True,True,---,jamesatkins@example.com,LA
PRV0315,Renee,Liu,Gastroenterology,2644886946,Pacific Coast Medical Center,32,1,0,001-311-395-2436x40270,pwarren@example.com,VA
PRV0006,Natasha,Decker,Psychiatry,,Riverside General Hospital,6,True,True,001-822-778-2489x63834,clam@example.org,IA
PRV0463,Yvonne,Miller,Neurology,6704502329,Summit Health System,31,True,No,5286227009,christina26@example.org,HI
PRV0145,Kristen,Lindsey,Nephrology,4066658004,Summit Health System,17,True,True,597.635.9893,rthompson@example.org,HI
PRV0104,Jeff,Mosley,Neurology,2196565234,Pacific Coast Medical Center,15,True,TRUE,+1-513-889-9940x4389,debbie37@example.com,DE
PRV0211,Tiffany,Carroll,Emergency,5197128478,Summit Health System,29,True,Yes,689-213-7189,amanda07@example.com,NY
PRV0386,John,Hunt,Oncology,2989406260,Lakeside Community Hospital,7,True,True,987.701.0415x914,martinezbrenda@example.net,WA
PRV0447,Sara ,Soto,Neurology,7611249125,Pacific Coast Medical Center,22,True,N,(752)637-3415x17734,crivera@example.net,KS
PRV0490,Jeffrey,Burton,Gastroenterology,5707139848,Oakwood Hospital,2,False,Y,N/A,mitchell21@example.net,IN
PRV0042,Robert,Wilson,Endocrinology,1775891783,Summit Health System,13,True,True,+1-908-347-0076x617,N/A,KY
PRV0363,Alexandra,Hubbard,Endocrinology,1276528928,Lakeside Community Hospital,7,True,0,(964)364-9111x10961,zgordon@example.org,TN
PRV0138,Robert,Garza,Pulmonology,9729659027,Pacific Coast Medical Center,7,False,True,716.370.1450x8993,pstanley@example.com,MI
PRV0378,Patrick,Reilly,Psychiatry,3436294897,Oakwood Hospital,23,True,False,361.603.1310x09431,nicolelyons@example.com,MO
PRV0255, Christopher,Carson,Hematology,3432756041,Valley Medical Center,8,True,False,001-777-965-6124x81569,,SC
PRV0147,abigail,Hartman,Dermatology,2688615335,Valley Medical Center,3,True,False,554-239-8780x15739,patrick16@example.com,ND
PRV0126,Brandon ,Alvarez,Nephrology,4505444713,Metro University Hospital,17,True,FALSE,(947)554-6913,wfigueroa@example.net,VI
PRV0087,Dominique,White,Dermatology,5039261429,Lakeside Community Hospital,6,True,True,796.285.6218,kimmary@example.com,PA
PRV0469,craig,Martin,Cardiology,9328963406,Metro University Hospital,26,N,1,668-567-7524x0148,brownrobert@example.org,NJ
PRV0031,Keith,Landry,Pulmonology,8071545168X,Lakeside Community Hospital,31,False,True,9879603859,harrisandrea@example.com,NV
PRV0432,Carolyn,Olson,Radiology,6403816649X,Oakwood Hospital,21,1,True,(790)228-2498x3922,parkerkatie@example.com,NH
PRV0066,John,Davis,Pulmonology,4696325953,Oakwood Hospital,3,True,True,001-527-787-7470x16873,williamstroy@example.net,TX
PRV0204,Sherry,Brock,Endocrinology,9321495870,Summit Health System,31,1,False,(807)401-6016,tjensen@example.com,GU
PRV0206,George,Tate,Rheumatology,,Valley Medical Center,27,True,True,387-769-6393x8276,lisagarza@example.com,OK
PRV0045,Jeffrey,Rodriguez,Internal Medicine,8514936899,Riverside General Hospital,16,True,True,+1-880-394-0244x55022,N/A,WA
PRV0028,Ashley,Brown,Dermatology,1334123281,St. Mary's Medical Center,8,False,False,(606)679-7403,ojones@example.com,WY
PRV0081,Amanda,Allen,Psychiatry,3427086688,Greenfield Memorial,21,True,TRUE,(363)543-5175,---,AZ
PRV0438,Amanda,Martinez,Family Medicine,2764579389,Riverside General Hospital,13,True,1,701.655.0291x681,lmorales@example.net,KS
PRV0114,Brad,Murray,Nephrology,2966706625,Pacific Coast Medical Center,17,True,True,524.647.2099,jjenkins@example.com,AR
PRV0205,James,Chang,Psychiatry,8179217174,Greenfield Memorial,15,True,True,+1-977-233-2945x62557,alvarezmichael@example.com,PR
PRV0412,Alan,Taylor,Dermatology,6334727274,Riverside General Hospital,33,True,TRUE,(531)483-0617,barnesjose@example.com,SC
PRV0009,Denise,Fernandez,ED,132677360,Greenfield Memorial,13,TRUE,True,(960)464-7468,kennethnovak@example.net,WA
PRV0074,Sheena,Rosales,Neurology,7431527420,St. Mary's Medical Center,13,True,1,001-354-493-2966x8516,thomasboyle@example.org,KS
PRV0401,Alexis,Marsh,Psychiatry,4138459609,Summit Health System,1,Yes,True,---,gonzalessteven@example.com,NJ
PRV0119,Michael,FLORES,Emergency Med,1570433154X,Riverside General Hospital,33,True,True,800-767-6267,egarcia@example.net,SD
PRV0207,Kristin,Stephens,Family Medicine,3219719975,Valley Medical Center,32,True,True,+1-817-724-6191,dnewman@example.org,il
